dt,L2,Gap
0.1,0.6705361308755615,1.1457228980441536
0.01,0.044501636623622,3.165787146967273
0.001,0.0020944176030343585,7.052396666398047
0.0001,7.934732630678191e-05,12.490310058436759
