{"offline":[],"online":[{"a0":20.621780831931538,"delta":0.2926071459614874,"omega":25.979909127171076,"piston_mach":0.3686348489490902}],"validation":[]}