{"RHS":{"offline":[{"a0":20.89984096160269,"delta":0.15962212445231766,"omega":25.387081790550297}],"online":[],"validation":[]},"Mass":{"offline":[{"a0":20.072981382655016,"delta":0.1678091578431366,"omega":19.76974769090964}],"online":[],"validation":[]},"Stiffness":{"offline":[{"a0":18.274314545780246,"delta":0.19242104438646143,"omega":16.802948418197534}],"online":[],"validation":[]},"convection":{"offline":[{"a0":21.966210179446026,"delta":0.1898084236409168,"omega":22.848720802000493}],"online":[],"validation":[]},"nonlinear-lifting":{"offline":[{"a0":18.65758357530909,"delta":0.2363919743334269,"omega":28.93944296364321}],"online":[],"validation":[]}}