{
    "fom_params": {
        "L0": 1.0,
        "nx": 1000,
        "nt": 100,
        "T": 1.0
    },
    "mu_space": {
        "a0": {
            "min": 9.0,
            "max": 15.0
        },
        "omega": {
            "min": 15.0,
            "max": 25.0
        },
        "delta": {
            "min": 0.1,
            "max": 0.15
        },
        "alpha": {
            "min": 1e-6,
            "max": 1e-6
        },
        "gamma": {
            "min": 1.4,
            "max": 1.4
        }
    },
    "rom_params": {
        "num_snapshots": 5,
        "tol_mu": 0.8,
        "tol_time": null
    },
    "deim_params": {
        "rnd_num": 440,
        "ts": [
            0.01,
            0.051250000000000004,
            0.0925,
            0.13375,
            0.17500000000000002,
            0.21625000000000003,
            0.2575,
            0.29875,
            0.34,
            0.38125000000000003,
            0.42250000000000004,
            0.46375000000000005,
            0.505,
            0.54625,
            0.5875,
            0.62875,
            0.67,
            0.71125,
            0.7525000000000001,
            0.7937500000000001,
            0.8350000000000001,
            0.8762500000000001,
            0.9175000000000001,
            0.9587500000000001,
            1.0
        ],
        "num_snapshots": 5,
        "num_online": 1,
        "tol_mu": null,
        "tol_time": null
    },
    "mdeim_params": {
        "rnd_num": 440,
        "ts": [
            0.01,
            0.051250000000000004,
            0.0925,
            0.13375,
            0.17500000000000002,
            0.21625000000000003,
            0.2575,
            0.29875,
            0.34,
            0.38125000000000003,
            0.42250000000000004,
            0.46375000000000005,
            0.505,
            0.54625,
            0.5875,
            0.62875,
            0.67,
            0.71125,
            0.7525000000000001,
            0.7937500000000001,
            0.8350000000000001,
            0.8762500000000001,
            0.9175000000000001,
            0.9587500000000001,
            1.0
        ],
        "num_snapshots": 5,
        "num_online": 1,
        "tol_mu": null,
        "tol_time": null
    },
    "online_params": null
}